No.,Categoria,Tema Principal,Title in English,URL,Titulo en Español,URL,Fecha de Publicación,Estado de Publicación,Imagen,Interlineado
1,Dog,Exploring Dog,Exploring Dog Breeds: A Comprehensive Guide ,https://blog.carepet.ai/exploring-dog-breeds-a-comprehensive-guide/,Explorando las Razas de Perros: Una Guía Completa,https://blog.carepet.ai/es/explorando-las-razas-de-perros-una-guia-completa/,16/10/2024,Publicado Ingles / Español,1,1
2,Dog,Vaccination,Dog Vaccination: Everything You Need to Know,https://blog.carepet.ai/dog-vaccination-everything-you-need-to-know/,Vacunación Canina: Todo lo que Necesitas Saber,https://blog.carepet.ai/es/vacunacion-canina/,02/02/2025,Publicado Ingles / Español,1,1
3,Dog breed,Labrador,The Ultimate Labrador Guide: Vaccinations and Pet Care,https://blog.carepet.ai/the-ultimate-chihuahua-guide-vaccinations-and-pet-care/,Guía Definitiva del Labrador: Vacunación y Cuidados,https://blog.carepet.ai/es/guia-definitiva-sobre-los-labradores-vacunacion-y-cuidados-integrales-para-tu-mascota/,22/03/2025,Publicado Ingles / Español,1,1
4,Dog breed,Chihuahua,The Ultimate Chihuahua Guide: Vaccinations and Pet Care,https://blog.carepet.ai/the-ultimate-labrador-guide-vaccinations-and-pet-care/,Guía Definitiva del Chihuahua: Vacunación y Cuidados,https://blog.carepet.ai/es/guia-definitiva-del-chihuahua-vacunacion-y-cuidados/,22/03/2025,Publicado Ingles / Español,1,1
5,Dog,Best Food,Best Food Choices for Your Dog’s Health,https://blog.carepet.ai/best-food-choices-for-your-dogs-health/,Las Mejores Opciones de Alimentación para la Salud de tu Perro,https://blog.carepet.ai/es/las-mejores-opciones-de-alimentacion-para-la-salud-de-tu-perro/,28/03/2025,Publicado Ingles / Español,1,1
6,Cat,Exploring Cat,Exploring Cat Breeds: A Comprehensive Guide,https://blog.carepet.ai/exploring-cat-breeds-a-comprehensive-guide/,Explorando las Razas de Gatos: Una Guía Completa,https://blog.carepet.ai/es/explorando-las-razas-de-gatos-una-guia-completa/,28/11/2026,Publicado Ingles / Español,1,1
7,Dog breed,Aleman Guide,The Ultimate German Shepherd Guide: Vaccinations and Pet Care,https://blog.carepet.ai/the-ultimate-german-shepherd-guide-vaccinations-and-pet-care/?i=1,Guía Definitiva del Pastor Alemán: Vacunación y Cuidados,https://blog.carepet.ai/es/guia-definitiva-del-pastor-aleman-vacunacion-y-cuidados/,28/11/2025,Publicado Ingles / Español,1,1
8,Dog breed,Bulldog Francés,The Ultimate French Bulldog Guide: Vaccinations and Pet Care,https://blog.carepet.ai/the-ultimate-french-bulldog-guide-vaccination-and-pet-care/,Guía Definitiva del Bulldog Francés: Vacunación y Cuidados,https://blog.carepet.ai/es/guia-definitiva-del-bulldog-frances-vacunacion-y-cuidados/,29/11/2025,Publicado Ingles / Español,1,1
9,Dog breed,Golden Retriever,The Ultimate Golden Retriever Guide: Vaccinations and Pet Care,https://blog.carepet.ai/the-ultimate-golden-retriever-guide-vaccination-and-pet-care/,Guía Definitiva del Golden Retriever: Vacunación y Cuidados,https://blog.carepet.ai/es/guia-definitiva-del-golden-retriever-vacunacion-y-cuidados/,04/12/2025,Publicado Ingles / Español,1,1
10,Dog breed,Poodle,The Ultimate Poodle Guide: Vaccinations and Pet Care,https://blog.carepet.ai/the-ultimate-poodle-guide-vaccination-and-complete-care/,Guía Definitiva del Poodle: Vacunación y Cuidados,https://blog.carepet.ai/es/guia-definitiva-del-poodle-vacunacion-y-cuidados/,15/12/2025,Publicado Ingles / Español,1,1
11,Dog breed,Pomeranian,The Ultimate Pomeranian Guide: Vaccinations and Pet Care,https://blog.carepet.ai/the-ultimate-pomeranian-guide-vaccination-and-pet-care/,Guía Definitiva del Pomerania: Vacunación y Cuidados,https://blog.carepet.ai/es/guia-definitiva-del-pomerania-vacunacion-y-cuidados/,20/12/2025,Publicado Ingles / Español,1,1
12,Dog breed,Shih Tzu,The Ultimate Shih Tzu Guide: Vaccinations and Pet Care,https://blog.carepet.ai/the-ultimate-shih-tzu-guide-vaccination-and-comprehensive-pet-care/,Guía Definitiva del Shih Tzu: Vacunación y Cuidados,https://blog.carepet.ai/es/guia-definitiva-del-shih-tzu-vacunacion-y-cuidados/,06/01/2026,Publicado Ingles / Español,1,1
13,Dog breed,Yorkshire Terrier,The Ultimate Yorkshire Terrier Guide: Vaccinations and Pet Care,https://blog.carepet.ai/the-complete-yorkshire-terrier-guide-vaccination-and-pet-care/,Guía Definitiva del Yorkshire Terrier: Vacunación y Cuidados,https://blog.carepet.ai/es/guia-definitiva-del-yorkshire-terrier-vacunacion-y-cuidados/,08/01/2026,Publicado Ingles / Español,1,1
14,Dog breed,Cavalier King Charles Spaniel,The Ultimate Cavalier King Charles Spaniel Guide: Vaccinations and Pet Care,https://blog.carepet.ai/cavalier-king-charles-spaniel-guide-vaccinations-and-pet-care/,Guía Definitiva del Cavalier King Charles Spaniel: Vacunación y Cuidados,https://blog.carepet.ai/es/guia-definitiva-del-cavalier-king-charles-spaniel-vacunacion-y-cuidados/,20/01/2026,Publicado Ingles / Español,1,1
15,Cat breed,Persian,The Ultimate Persian Guide: Vaccinations and Pet Care,https://blog.carepet.ai/the-ultimate-persian-guide-vaccinations-and-comprehensive-pet-care/,Guía Definitiva del Gato Persa: Vacunación y Cuidados,https://blog.carepet.ai/es/guia-definitiva-del-gato-persa-vacunacion-y-cuidados/,20/01/2026,Publicado Ingles / Español,1,1
16,Cat breed,Maine Coon,The Ultimate Maine Coon Guide: Vaccinations and Pet Care,https://blog.carepet.ai/the-ultimate-maine-coon-guide-vaccinations-and-pet-care/,Guía Definitiva del Gato Maine Coon: Vacunación y Cuidados,https://blog.carepet.ai/es/guia-definitiva-del-gato-maine-coon-vacunacion-y-cuidados/,30/01/2026,Publicado Ingles / Español,1,1
17,Cat breed,Sphynx,The Ultimate Sphynx Guide: Vaccinations and Pet Care,https://blog.carepet.ai/the-ultimate-sphynx-guide-vaccinations-and-pet-care/,Guía Definitiva del Gato Sphynx: Vacunación y Cuidados,https://blog.carepet.ai/es/guia-definitiva-del-gato-sphynx-vacunacion-y-cuidados/,30/01/2026,Publicado Ingles / Español,1,1
18,Cat breed,Siamese,The Ultimate Siamese Guide: Vaccinations and Pet Care,https://blog.carepet.ai/the-ultimate-siamese-guide-vaccinations-and-pet-care/,Guía Definitiva del Gato Siamés: Vacunación y Cuidados,https://blog.carepet.ai/es/guia-definitiva-del-gato-siames-vacunacion-y-cuidados/,14/02/2026,Publicado Ingles / Español,1,1
19,Cat breed,Bengal,The Ultimate Bengal Guide: Vaccinations and Pet Care,https://blog.carepet.ai/the-ultimate-bengal-guide-vaccinations-and-pet-care/,Guía Definitiva del Gato Bengalí: Vacunación y Cuidados,https://blog.carepet.ai/es/guia-definitiva-del-gato-bengali-vacunacion-y-cuidados/,14/02/2026,Publicado Ingles / Español,1,1
20,Cat breed,British Shorthair,The Ultimate British Shorthair Guide: Vaccinations and Pet Care,https://blog.carepet.ai/the-ultimate-british-shorthair-guide-vaccinations-and-pet-care/,Guía Definitiva del Gato British Shorthair: Vacunación y Cuidados,https://blog.carepet.ai/es/guia-definitiva-del-gato-british-shorthair-vacunacion-y-cuidados/,15/02/2026,Publicado Ingles / Español,1,1
21,Cat breed,Scottish Fold,The Ultimate Scottish Fold Guide: Vaccinations and Pet Care,https://blog.carepet.ai/the-ultimate-scottish-fold-guide-vaccinations-and-pet-care/,Guía Definitiva del Gato Scottish Fold: Vacunación y Cuidados,https://blog.carepet.ai/es/guia-definitiva-del-gato-scottish-fold-vacunacion-y-cuidados/,20/02/2026,Publicado Ingles / Español,1,1
22,Cat breed,Ragdoll,The Ultimate Ragdoll Guide: Vaccinations and Pet Care,https://blog.carepet.ai/the-ultimate-ragdoll-guide-vaccinations-and-pet-care/,Guía Definitiva del Gato Ragdoll: Vacunación y Cuidados,https://blog.carepet.ai/es/guia-definitiva-del-gato-ragdoll-vacunacion-y-cuidados/,10/03/2026,Publicado Ingles / Español,1,1
23,Cat breed,Oriental Shorthair,The Ultimate Oriental Shorthair Guide: Vaccinations and Pet Care,https://blog.carepet.ai/the-ultimate-oriental-shorthair-guide-vaccinations-and-pet-care/,Guía Definitiva del Gato Oriental Shorthair: Vacunación y Cuidados,https://blog.carepet.ai/es/guia-definitiva-del-oriental-shorthair-vacunacion-y-cuidados/,10/03/2026,Publicado Ingles / Español,1,1
24,Dog breed,Beagle,The Ultimate Beagle Guide: Vaccinations and Pet Care,https://blog.carepet.ai/the-ultimate-beagle-guide-vaccinations-and-comprehensive-pet-care/,Guía Definitiva del Beagle: Vacunación y Cuidados,https://blog.carepet.ai/es/guia-definitiva-del-beagle-vacunacion-y-cuidados/,12/03/2026,Publicado Ingles / Español,1,Revisar Tabla de Contenido
25,Dog breed,Boxer,The Ultimate Boxer Guide: Vaccinations and Pet Care,https://blog.carepet.ai/the-ultimate-boxer-guide-vaccinations-and-pet-care//,Guía Definitiva del Bóxer: Vacunación y Cuidados,https://blog.carepet.ai/es/guia-definitiva-del-boxer-vacunacion-y-cuidados/,13/03/2026,Publicado Ingles / Español,1,1
26,Dog breed,Doberman,The Ultimate Doberman Pinscher Guide: Vaccinations and Pet Care,https://blog.carepet.ai/the-ultimate-doberman-pinscher-guide-vaccinations/,Guía Definitiva del Doberman Pinscher: Vacunación y Cuidados,https://blog.carepet.ai/es/guia-definitiva-del-doberman-pinscher-vacunacion-y-cuidados/,13/03/2026,Publicado Ingles / Español,1,1
27,All pets,Cuidado General,The Essential Guide to Keeping Your Pet Healthy All Year,https://blog.carepet.ai/the-essential-guide-to-keeping-your-pet-healthy-all-year/,Guía Esencial para Mantener a tu Mascota Sana Todo el Año,https://blog.carepet.ai/es/guia-esencial-para-mantener-a-tu-mascota-sana-todo-el-ano/,13/03/2026,Publicado Ingles / Español,1,1
28,All pets,Cuidado General,The Complete Guide to Monitoring Your Pet’s Health,https://blog.carepet.ai/the-complete-guide-to-monitoring-your-pets-health/,Guía Completa para Monitorear la Salud de tu Mascota ,https://blog.carepet.ai/es/guia-completa-para-monitorear-la-salud-de-tu-mascota/,13/03/2026,Publicado Ingles / Español,1,1
29,All pets,Cuidado General,The Importance of Tracking Your Pet’s Health Every Day,https://blog.carepet.ai/the-importance-of-tracking-your-pets-health-every-day/,La Importancia de Registrar la Salud de tu Mascota Día a Día,https://blog.carepet.ai/es/la-importancia-de-registrar-la-salud-de-tu-mascota-dia-a-dia/,15/03/2026,Publicado Ingles / Español,1,1
30,All pets,Entrenamiento,How to Train Your Pet and Improve Their Behavior at Home,https://blog.carepet.ai/how-to-train-your-pet-and-improve-their-behavior-at-home/,Cómo Entrenar a tu Mascota y Mejorar su Comportamiento en Casa,https://blog.carepet.ai/es/como-entrenar-a-tu-mascota-y-mejorar-su-comportamiento/,16/03/2026,Publicado Ingles / Español,1,1
31,All pets,Nutrición,7 Common Mistakes When Feeding Your Pet You Should Avoid,https://blog.carepet.ai/7-common-mistakes-when-feeding-your-pet-you-should-avoid/,7 Errores Comunes al Alimentar a tu Mascota que Debes Evitar ,https://blog.carepet.ai/es/7-errores-comunes-al-alimentar-a-tu-mascota-que-debes-evitar/,20/03/2026,Publicado Ingles / Español,1,1
,,,,,,,,,,
,,,,,,,,,,
,,,,,,,,,,
,,,,,,,,,,
32,All pets,Cuidado General,Por qué monitorear la salud de tu mascota puede prevenir problemas graves,,,,,,,
33,All pets,Entrenamiento,Guía básica de entrenamiento para mascotas: cómo mejorar su comportamiento,,,,,,,
34,All pets,Cuidado General,Qué revisar cada semana para asegurarte de que tu mascota esté saludable,,,,,,,
35,All pets,Cuidado General,Cómo organizar toda la información de salud de tu mascota en un solo lugar,,,,,,,
36,All pets,Cuidado General,Cómo mejorar la calidad de vida de tu mascota con pequeños hábitos diarios,,,,,,,
37,All pets,Cuidado General,Cómo cuidar la salud de tu mascota sin ser veterinario,,,,,,,
38,Dog,Cuidado General,10 síntomas en perros que nunca deberías ignorar,,,,,,,
39,Dog,Nutrición,¿Cuántas veces al día debe comer un perro? Guía según edad y tamaño,,,,,,,
40,Dog breed,Rottweiler,The Ultimate Rottweiler Guide: Vaccinations and Pet Care,,Guía Definitiva del Rottweiler: Vacunación y Cuidados,,,,,
41,Dog,Cuidado General,¿Por qué los perros ladran demasiado? Causas y soluciones,,,,,,,
42,Dog breed,Saint Bernard,The Ultimate Saint Bernard Guide: Vaccinations and Pet Care,,Guía Definitiva del San Bernardo: Vacunación y Cuidados,,,,,
43,Dog,Entrenamiento,Cuánto ejercicio necesita realmente tu perro cada día,,,,,,,
44,Cat breed,Abyssinian,The Ultimate Abyssinian Guide: Vaccinations and Pet Care,,Guía Definitiva del Gato Abisinio: Vacunación y Cuidados,,,,,
45,Dog breed,Pembroke Welsh Corgi,The Ultimate Pembroke Welsh Corgi Guide: Vaccinations and Pet Care,,Guía Definitiva del Corgi Galés de Pembroke: Vacunación y Cuidados,,,,,
46,Cat breed,Norwegian Forest Cat,The Ultimate Norwegian Forest Cat Guide: Vaccinations and Pet Care,,Guía Definitiva del Gato del Bosque de Noruega: Vacunación y Cuidados,,,,,
47,Dog breed,Siberian Husky,The Ultimate Siberian Husky Guide: Vaccinations and Pet Care,,Guía Definitiva del Husky Siberiano: Vacunación y Cuidados,,,,,
48,Cat breed,Savannah Cat,The Ultimate Savannah Cat Guide: Vaccinations and Pet Care,,Guía Definitiva del Gato Savannah: Vacunación y Cuidados,,,,,
49,Dog breed,Dachshund,The Ultimate Dachshund Guide: Vaccinations and Pet Care,,Guía Definitiva del Dachshund: Vacunación y Cuidados,,,,,
50,Cat breed,Singapura,The Ultimate Singapura Guide: Vaccinations and Pet Care,,Guía Definitiva del Gato Singapura: Vacunación y Cuidados,,,,,
51,Dog breed,Border Collie,The Ultimate Border Collie Guide: Vaccinations and Pet Care,,Guía Definitiva del Border Collie: Vacunación y Cuidados,,,,,
52,Cat breed,Munchkin,The Ultimate Munchkin Guide: Vaccinations and Pet Care,,Guía Definitiva del Gato Munchkin: Vacunación y Cuidados,,,,,
53,Dog breed,Cocker Spaniel,The Ultimate Cocker Spaniel Guide: Vaccinations and Pet Care,,Guía Definitiva del Cocker Spaniel: Vacunación y Cuidados,,,,,
54,Cat breed,Cornish Rex,The Ultimate Cornish Rex Guide: Vaccinations and Pet Care,,Guía Definitiva del Gato Cornish Rex: Vacunación y Cuidados,,,,,
55,Dog breed,Australian Shepherd,The Ultimate Australian Shepherd Guide: Vaccinations and Pet Care,,Guía Definitiva del Pastor Australiano: Vacunación y Cuidados,,,,,
56,Cat breed,Devon Rex,The Ultimate Devon Rex Guide: Vaccinations and Pet Care,,Guía Definitiva del Gato Devon Rex: Vacunación y Cuidados,,,,,
57,Dog breed,Maltese,The Ultimate Maltese Guide: Vaccinations and Pet Care,,Guía Definitiva del Bichón Maltés: Vacunación y Cuidados,,,,,
58,Cat breed,American Curl,The Ultimate American Curl Guide: Vaccinations and Pet Care,,Guía Definitiva del Gato American Curl: Vacunación y Cuidados,,,,,
59,Dog breed,Miniature Schnauzer,The Ultimate Miniature Schnauzer Guide: Vaccinations and Pet Care,,Guía Definitiva del Schnauzer Miniatura: Vacunación y Cuidados,,,,,
,,,,,,,,,,
,,,,,,,,,,
,,,,,,,,,,
,,,,,,,,,,
,,,https://blog.carepet.ai/wp-admin/edit.php?post_type=post,,,,,,,